{
	"incitems": [
		{
			"abr": "clearweather",
			"price": 400,
			"karmatype": "Good"
		},
		{
			"abr": "rain",
			"price": 350,
			"karmatype": "Good"
		},
		{
			"abr": "foggyrain",
			"price": 300,
			"karmatype": "Neutral"
		},
		{
			"abr": "rainythunderstorm",
			"price": 700,
			"karmatype": "Neutral"
		},
		{
			"abr": "drythunderstorm",
			"price": 450,
			"karmatype": "Bad"
		},
		{
			"abr": "snowgentle",
			"price": 350,
			"karmatype": "Neutral"
		},
		{
			"abr": "snowhard",
			"price": 450,
			"karmatype": "Bad"
		},
		{
			"abr": "fog",
			"price": 300,
			"karmatype": "Neutral"
		},
		{
			"abr": "heatwave",
			"price": 750,
			"karmatype": "Bad"
		},
		{
			"abr": "flashstorm",
			"price": 400,
			"karmatype": "Bad"
		},
		{
			"abr": "coldsnap",
			"price": 800,
			"karmatype": "Bad"
		},
		{
			"abr": "solarflare",
			"price": 500,
			"karmatype": "Bad"
		},
		{
			"abr": "shortcircuit",
			"price": 500,
			"karmatype": "Bad"
		},
		{
			"abr": "blight",
			"price": 700,
			"karmatype": "Bad"
		},
		{
			"abr": "animaltame",
			"price": 150,
			"karmatype": "Good"
		},
		{
			"abr": "resourcepodcrash",
			"price": 300,
			"karmatype": "Good"
		},
		{
			"abr": "tradercaravan",
			"price": 275,
			"karmatype": "Good"
		},
		{
			"abr": "meteor",
			"price": 350,
			"karmatype": "Neutral"
		},
		{
			"abr": "maninblack",
			"price": 5000,
			"karmatype": "Good"
		},
		{
			"abr": "madanimal",
			"price": 350,
			"karmatype": "Bad"
		},
		{
			"abr": "psychicdrone",
			"price": 400,
			"karmatype": "Bad"
		},
		{
			"abr": "psychicsoothe",
			"price": 250,
			"karmatype": "Good"
		},
		{
			"abr": "ambrosiasprout",
			"price": 150,
			"karmatype": "Good"
		},
		{
			"abr": "herdmigration",
			"price": 200,
			"karmatype": "Good"
		},
		{
			"abr": "farmanimals",
			"price": 400,
			"karmatype": "Good"
		},
		{
			"abr": "wildman",
			"price": 300,
			"karmatype": "Good"
		},
		{
			"abr": "rarethrumbos",
			"price": 500,
			"karmatype": "Good"
		},
		{
			"abr": "shipchunkdrop",
			"price": 300,
			"karmatype": "Good"
		},
		{
			"abr": "travelergroup",
			"price": 80,
			"karmatype": "Good"
		},
		{
			"abr": "visitorgroup",
			"price": 200,
			"karmatype": "Good"
		},
		{
			"abr": "party",
			"price": 400,
			"karmatype": "Good"
		},
		{
			"abr": "alphabeavers",
			"price": 600,
			"karmatype": "Bad"
		},
		{
			"abr": "shippartpoison",
			"price": 5000,
			"karmatype": "Bad"
		},
		{
			"abr": "shippartpsychic",
			"price": 5000,
			"karmatype": "Bad"
		},
		{
			"abr": "militaryaid",
			"price": 700,
			"karmatype": "Good"
		},
		{
			"abr": "raid",
			"price": 1500,
			"karmatype": "Bad"
		},
		{
			"abr": "dropraid",
			"price": 2500,
			"karmatype": "Bad"
		},
		{
			"abr": "sapperraid",
			"price": 1500,
			"karmatype": "Bad"
		},
		{
			"abr": "siegeraid",
			"price": 2500,
			"karmatype": "Bad"
		},
		{
			"abr": "mechanoidraid",
			"price": 2500,
			"karmatype": "Bad"
		},
		{
			"abr": "manhunterpack",
			"price": 1500,
			"karmatype": "Bad"
		},
		{
			"abr": "randomdisease",
			"price": 1000,
			"karmatype": "Bad"
		},
		{
			"abr": "disease",
			"price": 2500,
			"karmatype": "Bad"
		},
		{
			"abr": "pawn",
			"price": 2500,
			"karmatype": "Good"
		},
		{
			"abr": "genderswap",
			"price": 100,
			"karmatype": "Neutral"
		},
		{
			"abr": "item",
			"price": 1,
			"karmatype": "Good"
		},
		{
			"abr": "visitcolony",
			"price": 300,
			"karmatype": "Good"
		},
		{
			"abr": "reviveme",
			"price": 4000,
			"karmatype": "Good"
		},
		{
			"abr": "surgery",
			"price": 1,
			"karmatype": "Neutral"
		},
		{
			"abr": "backpack",
			"price": 1,
			"karmatype": "Neutral"
		},
		{
			"abr": "settraits",
			"price": 1,
			"karmatype": "Neutral"
		},
		{
			"abr": "cleartraits",
			"price": 1,
			"karmatype": "Neutral"
		},
		{
			"abr": "sanctuary",
			"price": 100000,
			"karmatype": "Good"
		}
	],
	"total": 56
}
