{
  "items": [
    {
      "abr": "пиво",
      "category": "Наркотики",
      "defname": "Beer",
      "price": 20
    },
    {
      "abr": "сусло",
      "category": "Изделия",
      "defname": "Wort",
      "price": 14
    },
    {
      "abr": "амброзия",
      "category": "Наркотики",
      "defname": "Ambrosia",
      "price": 25
    },
    {
      "abr": "go-сок",
      "category": "Наркотики",
      "defname": "GoJuice",
      "price": 88
    },
    {
      "abr": "люциферий",
      "category": "Наркотики",
      "defname": "Luciferium",
      "price": 117
    },
    {
      "abr": "пеноксицилин",
      "category": "Наркотики",
      "defname": "Penoxycyline",
      "price": 30
    },
    {
      "abr": "хлопьяпсихина",
      "category": "Наркотики",
      "defname": "Flake",
      "price": 23
    },
    {
      "abr": "психиновыйчай",
      "category": "Наркотики",
      "defname": "PsychiteTea",
      "price": 17
    },
    {
      "abr": "порошокпсихина",
      "category": "Наркотики",
      "defname": "Yayo",
      "price": 35
    },
    {
      "abr": "косякдымолиста",
      "category": "Наркотики",
      "defname": "SmokeleafJoint",
      "price": 18
    },
    {
      "abr": "бодрин",
      "category": "Наркотики",
      "defname": "WakeUp",
      "price": 58
    },
    {
      "abr": "архоглаз",
      "category": "Архотехнологии",
      "defname": "ArchotechEye",
      "price": 4667
    },
    {
      "abr": "архорука",
      "category": "Архотехнологии",
      "defname": "ArchotechArm",
      "price": 4667
    },
    {
      "abr": "архонога",
      "category": "Архотехнологии",
      "defname": "ArchotechLeg",
      "price": 4667
    },
    {
      "abr": "бионическийглаз",
      "category": "Бионические",
      "defname": "BionicEye",
      "price": 1717
    },
    {
      "abr": "бионическаярука",
      "category": "Бионические",
      "defname": "BionicArm",
      "price": 1717
    },
    {
      "abr": "бионическаянога",
      "category": "Бионические",
      "defname": "BionicLeg",
      "price": 1717
    },
    {
      "abr": "бионическийпозвоночник",
      "category": "Бионические",
      "defname": "BionicSpine",
      "price": 1717
    },
    {
      "abr": "бионическоесердце",
      "category": "Бионические",
      "defname": "BionicHeart",
      "price": 1717
    },
    {
      "abr": "бионическийжелудок",
      "category": "Бионические",
      "defname": "BionicStomach",
      "price": 1308
    },
    {
      "abr": "посмертныйрастворитель",
      "category": "Бионические",
      "defname": "DeathAcidifier",
      "price": 667
    },
    {
      "abr": "бионическоеухо",
      "category": "Бионические",
      "defname": "BionicEar",
      "price": 1308
    },
    {
      "abr": "бионическийязык",
      "category": "Бионические",
      "defname": "BionicTongue",
      "price": 942
    },
    {
      "abr": "сердце",
      "category": "Естественные",
      "defname": "Heart",
      "price": 2000
    },
    {
      "abr": "лёгкое",
      "category": "Естественные",
      "defname": "Lung",
      "price": 1667
    },
    {
      "abr": "почка",
      "category": "Естественные",
      "defname": "Kidney",
      "price": 1500
    },
    {
      "abr": "печень",
      "category": "Естественные",
      "defname": "Liver",
      "price": 2000
    },
    {
      "abr": "простойпротезноги",
      "category": "Протезы",
      "defname": "SimpleProstheticLeg",
      "price": 433
    },
    {
      "abr": "простойпротезруки",
      "category": "Протезы",
      "defname": "SimpleProstheticArm",
      "price": 433
    },
    {
      "abr": "простойкардиопротез",
      "category": "Протезы",
      "defname": "SimpleProstheticHeart",
      "price": 383
    },
    {
      "abr": "кохлеарныйимплант",
      "category": "Протезы",
      "defname": "CochlearImplant",
      "price": 367
    },
    {
      "abr": "силовыекогти",
      "category": "Протезы",
      "defname": "PowerClaw",
      "price": 642
    },
    {
      "abr": "чипсчастья",
      "category": "Протезы",
      "defname": "Joywire",
      "price": 367
    },
    {
      "abr": "чипобезболивания",
      "category": "Протезы",
      "defname": "Painstopper",
      "price": 367
    },
    {
      "abr": "нейроформерпси-связи",
      "category": "Архотехнологии",
      "defname": "PsychicAmplifier",
      "price": 4333
    },
    {
      "abr": "урна",
      "category": "Мебель",
      "defname": "Urn",
      "price": 70
    },
    {
      "abr": "малаяскульптура",
      "category": "Искусство",
      "defname": "SculptureSmall",
      "price": 275
    },
    {
      "abr": "большаяскульптура",
      "category": "Искусство",
      "defname": "SculptureLarge",
      "price": 517
    },
    {
      "abr": "огромнаяскульптура",
      "category": "Искусство",
      "defname": "SculptureGrand",
      "price": 1967
    },
    {
      "abr": "кровать",
      "category": "Мебель",
      "defname": "Bed",
      "price": 155
    },
    {
      "abr": "двойнаякровать",
      "category": "Мебель",
      "defname": "DoubleBed",
      "price": 292
    },
    {
      "abr": "роскошнаякровать",
      "category": "Мебель",
      "defname": "RoyalBed",
      "price": 1467
    },
    {
      "abr": "больничнаякровать",
      "category": "Мебель",
      "defname": "HospitalBed",
      "price": 667
    },
    {
      "abr": "спальныймешок",
      "category": "Мебель",
      "defname": "Bedroll",
      "price": 137
    },
    {
      "abr": "двойнойспальныймешок",
      "category": "Мебель",
      "defname": "BedrollDouble",
      "price": 290
    },
    {
      "abr": "спальныйкоробдляживотных",
      "category": "Мебель",
      "defname": "AnimalSleepingBox",
      "price": 84
    },
    {
      "abr": "кроватьдляживотных",
      "category": "Мебель",
      "defname": "AnimalBed",
      "price": 136
    },
    {
      "abr": "табурет",
      "category": "Мебель",
      "defname": "Stool",
      "price": 86
    },
    {
      "abr": "стул",
      "category": "Мебель",
      "defname": "DiningChair",
      "price": 198
    },
    {
      "abr": "кресло",
      "category": "Мебель",
      "defname": "Armchair",
      "price": 450
    },
    {
      "abr": "прикроватныйстолик",
      "category": "Мебель",
      "defname": "EndTable",
      "price": 106
    },
    {
      "abr": "стол(1x2)",
      "category": "Мебель",
      "defname": "Table1x2c",
      "price": 98
    },
    {
      "abr": "стол(2x2)",
      "category": "Мебель",
      "defname": "Table2x2c",
      "price": 176
    },
    {
      "abr": "стол(2x4)",
      "category": "Мебель",
      "defname": "Table2x4c",
      "price": 333
    },
    {
      "abr": "стол(3x3)",
      "category": "Мебель",
      "defname": "Table3x3c",
      "price": 350
    },
    {
      "abr": "цветочныйгоршок",
      "category": "Мебель",
      "defname": "PlantPot",
      "price": 68
    },
    {
      "abr": "торшер",
      "category": "Мебель",
      "defname": "StandingLamp",
      "price": 65
    },
    {
      "abr": "солнечнаялампа",
      "category": "Мебель",
      "defname": "SunLamp",
      "price": 129
    },
    {
      "abr": "стеллаж",
      "category": "Мебель",
      "defname": "Shelf",
      "price": 70
    },
    {
      "abr": "небольшойстеллаж",
      "category": "Мебель",
      "defname": "ShelfSmall",
      "price": 35
    },
    {
      "abr": "комод",
      "category": "Мебель",
      "defname": "Dresser",
      "price": 179
    },
    {
      "abr": "колышекдляметанияподковы",
      "category": "Развлечения",
      "defname": "HorseshoesPin",
      "price": 34
    },
    {
      "abr": "кольцодлябросаниякамней",
      "category": "Развлечения",
      "defname": "HoopstoneRing",
      "price": 67
    },
    {
      "abr": "поледляигрыур",
      "category": "Мебель",
      "defname": "GameOfUrBoard",
      "price": 153
    },
    {
      "abr": "шахматныйстол",
      "category": "Мебель",
      "defname": "ChessTable",
      "price": 281
    },
    {
      "abr": "столдляпокера",
      "category": "Мебель",
      "defname": "PokerTable",
      "price": 400
    },
    {
      "abr": "бильярдныйстол",
      "category": "Мебель",
      "defname": "BilliardsTable",
      "price": 600
    },
    {
      "abr": "элттелевизор",
      "category": "Развлечения",
      "defname": "TubeTelevision",
      "price": 525
    },
    {
      "abr": "плазменныйтелевизор",
      "category": "Развлечения",
      "defname": "FlatscreenTelevision",
      "price": 1533
    },
    {
      "abr": "ультрателевизор",
      "category": "Развлечения",
      "defname": "MegascreenTelevision",
      "price": 2475
    },
    {
      "abr": "телескоп",
      "category": "Развлечения",
      "defname": "Telescope",
      "price": 583
    },
    {
      "abr": "коробкадляяиц",
      "category": "Разное",
      "defname": "EggBox",
      "price": 79
    },
    {
      "abr": "торговыймаяк",
      "category": "Разное",
      "defname": "OrbitalTradeBeacon",
      "price": 185
    },
    {
      "abr": "хлопушкаспожарнойпеной",
      "category": "Разное",
      "defname": "FirefoamPopper",
      "price": 300
    },
    {
      "abr": "мультианализатор",
      "category": "Разное",
      "defname": "MultiAnalyzer",
      "price": 1700
    },
    {
      "abr": "мониторжизненныхпоказателей",
      "category": "Разное",
      "defname": "VitalsMonitor",
      "price": 358
    },
    {
      "abr": "шкафдляинструментов",
      "category": "Разное",
      "defname": "ToolCabinet",
      "price": 642
    },
    {
      "abr": "метказагона",
      "category": "Разное",
      "defname": "PenMarker",
      "price": 104
    },
    {
      "abr": "светящийсякокон",
      "category": "Особое",
      "defname": "GlowPod",
      "price": 83
    },
    {
      "abr": "аккумулятор",
      "category": "Энергия",
      "defname": "Battery",
      "price": 333
    },
    {
      "abr": "мастерскаяхудожника",
      "category": "Производство",
      "defname": "TableSculpting",
      "price": 425
    },
    {
      "abr": "разделочныйстол",
      "category": "Производство",
      "defname": "TableButcher",
      "price": 302
    },
    {
      "abr": "столпортного",
      "category": "Производство",
      "defname": "HandTailoringBench",
      "price": 262
    },
    {
      "abr": "швейнаямашинка",
      "category": "Производство",
      "defname": "ElectricTailoringBench",
      "price": 533
    },
    {
      "abr": "топливнаякузня",
      "category": "Производство",
      "defname": "FueledSmithy",
      "price": 333
    },
    {
      "abr": "электрокузня",
      "category": "Производство",
      "defname": "ElectricSmithy",
      "price": 492
    },
    {
      "abr": "верстак",
      "category": "Производство",
      "defname": "TableMachining",
      "price": 758
    },
    {
      "abr": "электроплита",
      "category": "Производство",
      "defname": "ElectricStove",
      "price": 375
    },
    {
      "abr": "твердотопливнаяплита",
      "category": "Производство",
      "defname": "FueledStove",
      "price": 265
    },
    {
      "abr": "столдлярезкикамня",
      "category": "Производство",
      "defname": "TableStonecutter",
      "price": 358
    },
    {
      "abr": "пивоварня",
      "category": "Производство",
      "defname": "Brewery",
      "price": 350
    },
    {
      "abr": "химическаялаборатория",
      "category": "Производство",
      "defname": "DrugLab",
      "price": 742
    },
    {
      "abr": "электроплавильня",
      "category": "Производство",
      "defname": "ElectricSmelter",
      "price": 667
    },
    {
      "abr": "простойстолдляисследований",
      "category": "Производство",
      "defname": "SimpleResearchBench",
      "price": 350
    },
    {
      "abr": "бочкадляброжения",
      "category": "Производство",
      "defname": "FermentingBarrel",
      "price": 95
    },
    {
      "abr": "буроваяустановка",
      "category": "Производство",
      "defname": "DeepDrill",
      "price": 483
    },
    {
      "abr": "мини-турель",
      "category": "Защита",
      "defname": "Turret_MiniTurret",
      "price": 492
    },
    {
      "abr": "миномёт",
      "category": "Защита",
      "defname": "Turret_Mortar",
      "price": 1500
    },
    {
      "abr": "противопожарнаятурель",
      "category": "Защита",
      "defname": "Turret_FoamTurret",
      "price": 1025
    },
    {
      "abr": "ловушка",
      "category": "Защита",
      "defname": "TrapSpike",
      "price": 169
    },
    {
      "abr": "осколочнаямина",
      "category": "Защита",
      "defname": "TrapIED_HighExplosive",
      "price": 192
    },
    {
      "abr": "зажигательнаямина",
      "category": "Защита",
      "defname": "TrapIED_Incendiary",
      "price": 192
    },
    {
      "abr": "эми-мина",
      "category": "Защита",
      "defname": "TrapIED_EMP",
      "price": 192
    },
    {
      "abr": "дымоваямина",
      "category": "Защита",
      "defname": "TrapIED_Smoke",
      "price": 192
    },
    {
      "abr": "пеннаямина",
      "category": "Защита",
      "defname": "TrapIED_Firefoam",
      "price": 192
    },
    {
      "abr": "гранульнаямина",
      "category": "Защита",
      "defname": "TrapIED_AntigrainWarhead",
      "price": 2008
    },
    {
      "abr": "пси-излучатель",
      "category": "Особое",
      "defname": "PsychicEmanator",
      "price": 2167
    },
    {
      "abr": "ванометрическийгенератор",
      "category": "Особое",
      "defname": "VanometricPowerCell",
      "price": 2000
    },
    {
      "abr": "синтезаторхимтоплива",
      "category": "Особое",
      "defname": "InfiniteChemreactor",
      "price": 2500
    },
    {
      "abr": "обогреватель",
      "category": "Температура",
      "defname": "Heater",
      "price": 218
    },
    {
      "abr": "генераторпси-импульса(животные)",
      "category": "Артефакты",
      "defname": "PsychicAnimalPulser",
      "price": 1167
    },
    {
      "abr": "генераторуспокаивающегопси-импульса",
      "category": "Артефакты",
      "defname": "PsychicSoothePulser",
      "price": 1000
    },
    {
      "abr": "ядроии",
      "category": "Разное",
      "defname": "AIPersonaCore",
      "price": 6667
    },
    {
      "abr": "сывороткаисцеления",
      "category": "Разное",
      "defname": "MechSerumHealer",
      "price": 2167
    },
    {
      "abr": "сывороткавоскрешения",
      "category": "Разное",
      "defname": "MechSerumResurrector",
      "price": 2833
    },
    {
      "abr": "субличность-учитель",
      "category": "Разное",
      "defname": "TechprofSubpersonaCore",
      "price": 1667
    },
    {
      "abr": "рогтрумбо",
      "category": "Разное",
      "defname": "ThrumboHorn",
      "price": 1333
    },
    {
      "abr": "слоновийбивень",
      "category": "Разное",
      "defname": "ElephantTusk",
      "price": 133
    },
    {
      "abr": "сухойпаёк",
      "category": "Блюда",
      "defname": "MealSurvivalPack",
      "price": 40
    },
    {
      "abr": "питательнаяпаста",
      "category": "Блюда",
      "defname": "MealNutrientPaste",
      "price": 17
    },
    {
      "abr": "простоеблюдо",
      "category": "Блюда",
      "defname": "MealSimple",
      "price": 25
    },
    {
      "abr": "вкусноеблюдо",
      "category": "Блюда",
      "defname": "MealFine",
      "price": 33
    },
    {
      "abr": "вкусноевегетарианскоеблюдо",
      "category": "Блюда",
      "defname": "MealFine_Veg",
      "price": 33
    },
    {
      "abr": "вкусноемясноеблюдо",
      "category": "Блюда",
      "defname": "MealFine_Meat",
      "price": 33
    },
    {
      "abr": "шикарноеблюдо",
      "category": "Блюда",
      "defname": "MealLavish",
      "price": 67
    },
    {
      "abr": "шикарноевегетарианскоеблюдо",
      "category": "Блюда",
      "defname": "MealLavish_Veg",
      "price": 67
    },
    {
      "abr": "шикарноемясноеблюдо",
      "category": "Блюда",
      "defname": "MealLavish_Meat",
      "price": 67
    },
    {
      "abr": "комбикорм",
      "category": "Продовольствие",
      "defname": "Kibble",
      "price": 2
    },
    {
      "abr": "пеммикан",
      "category": "Продовольствие",
      "defname": "Pemmican",
      "price": 12
    },
    {
      "abr": "шоколад",
      "category": "Продовольствие",
      "defname": "Chocolate",
      "price": 25
    },
    {
      "abr": "молоко",
      "category": "Животного происхождения",
      "defname": "Milk",
      "price": 3
    },
    {
      "abr": "желенасекомых",
      "category": "Животного происхождения",
      "defname": "InsectJelly",
      "price": 13
    },
    {
      "abr": "куриноеяйцо(неопл.)",
      "category": "Яйца (неопл.)",
      "defname": "EggChickenUnfertilized",
      "price": 12
    },
    {
      "abr": "куриноеяйцо(опл.)",
      "category": "Яйца (опл.)",
      "defname": "EggChickenFertilized",
      "price": 12
    },
    {
      "abr": "яйцокобры(опл.)",
      "category": "Яйца (опл.)",
      "defname": "EggCobraFertilized",
      "price": 33
    },
    {
      "abr": "яйцоигуаны(опл.)",
      "category": "Яйца (опл.)",
      "defname": "EggIguanaFertilized",
      "price": 42
    },
    {
      "abr": "черепашьеяйцо(опл.)",
      "category": "Яйца (опл.)",
      "defname": "EggTortoiseFertilized",
      "price": 38
    },
    {
      "abr": "яйцоказуара(опл.)",
      "category": "Яйца (опл.)",
      "defname": "EggCassowaryFertilized",
      "price": 32
    },
    {
      "abr": "яйцоэму(опл.)",
      "category": "Яйца (опл.)",
      "defname": "EggEmuFertilized",
      "price": 30
    },
    {
      "abr": "страусиноеяйцо(опл.)",
      "category": "Яйца (опл.)",
      "defname": "EggOstrichFertilized",
      "price": 38
    },
    {
      "abr": "яйцоиндейки(опл.)",
      "category": "Яйца (опл.)",
      "defname": "EggTurkeyFertilized",
      "price": 18
    },
    {
      "abr": "утиноеяйцо",
      "category": "Яйца (неопл.)",
      "defname": "EggDuckUnfertilized",
      "price": 12
    },
    {
      "abr": "утиноеяйцо(опл.)",
      "category": "Яйца (опл.)",
      "defname": "EggDuckFertilized",
      "price": 12
    },
    {
      "abr": "гусиноеяйцо",
      "category": "Яйца (неопл.)",
      "defname": "EggGooseUnfertilized",
      "price": 15
    },
    {
      "abr": "гусиноеяйцо(опл.)",
      "category": "Яйца (опл.)",
      "defname": "EggGooseFertilized",
      "price": 18
    },
    {
      "abr": "лекарственныетравы",
      "category": "Медикаменты",
      "defname": "MedicineHerbal",
      "price": 17
    },
    {
      "abr": "медикаменты",
      "category": "Медикаменты",
      "defname": "MedicineIndustrial",
      "price": 30
    },
    {
      "abr": "передовыемедикаменты",
      "category": "Медикаменты",
      "defname": "MedicineUltratech",
      "price": 83
    },
    {
      "abr": "компонент",
      "category": "Изделия",
      "defname": "ComponentIndustrial",
      "price": 53
    },
    {
      "abr": "продвинутыйкомпонент",
      "category": "Изделия",
      "defname": "ComponentSpacer",
      "price": 333
    },
    {
      "abr": "нейтроамин",
      "category": "Изделия",
      "defname": "Neutroamine",
      "price": 10
    },
    {
      "abr": "химическоетопливо",
      "category": "Изделия",
      "defname": "Chemfuel",
      "price": 22
    },
    {
      "abr": "укреплённыйствол",
      "category": "Разное",
      "defname": "ReinforcedBarrel",
      "price": 1000
    },
    {
      "abr": "картофель",
      "category": "Растительного происхождения",
      "defname": "RawPotatoes",
      "price": 2
    },
    {
      "abr": "грибы",
      "category": "Растительного происхождения",
      "defname": "RawFungus",
      "price": 10
    },
    {
      "abr": "рис",
      "category": "Растительного происхождения",
      "defname": "RawRice",
      "price": 25
    },
    {
      "abr": "агава",
      "category": "Растительного происхождения",
      "defname": "RawAgave",
      "price": 20
    },
    {
      "abr": "кукуруза",
      "category": "Растительного происхождения",
      "defname": "RawCorn",
      "price": 10
    },
    {
      "abr": "ягоды",
      "category": "Растительного происхождения",
      "defname": "RawBerries",
      "price": 11
    },
    {
      "abr": "сено",
      "category": "Продовольствие",
      "defname": "Hay",
      "price": 10
    },
    {
      "abr": "хмель",
      "category": "Растительное сырьё",
      "defname": "RawHops",
      "price": 12
    },
    {
      "abr": "психолистья",
      "category": "Растительное сырьё",
      "defname": "PsychoidLeaves",
      "price": 30
    },
    {
      "abr": "листьядымолиста",
      "category": "Растительное сырьё",
      "defname": "SmokeleafLeaves",
      "price": 11
    },
    {
      "abr": "осколочныйснаряд",
      "category": "Миномётные снаряды",
      "defname": "Shell_HighExplosive",
      "price": 92
    },
    {
      "abr": "зажигательныйснаряд",
      "category": "Миномётные снаряды",
      "defname": "Shell_Incendiary",
      "price": 92
    },
    {
      "abr": "эми-снаряд",
      "category": "Миномётные снаряды",
      "defname": "Shell_EMP",
      "price": 92
    },
    {
      "abr": "дымовойснаряд",
      "category": "Миномётные снаряды",
      "defname": "Shell_Smoke",
      "price": 92
    },
    {
      "abr": "пенныйснаряд",
      "category": "Миномётные снаряды",
      "defname": "Shell_Firefoam",
      "price": 92
    },
    {
      "abr": "гранульныйснаряд",
      "category": "Миномётные снаряды",
      "defname": "Shell_AntigrainWarhead",
      "price": 2000
    },
    {
      "abr": "кожа",
      "category": "Кожа",
      "defname": "Leather_Plain",
      "price": 3
    },
    {
      "abr": "собачьяшкура",
      "category": "Кожа",
      "defname": "Leather_Dog",
      "price": 13
    },
    {
      "abr": "волчьяшкура",
      "category": "Кожа",
      "defname": "Leather_Wolf",
      "price": 5
    },
    {
      "abr": "шкурапантеры",
      "category": "Кожа",
      "defname": "Leather_Panthera",
      "price": 11
    },
    {
      "abr": "шкураверблюда",
      "category": "Кожа",
      "defname": "Leather_Camel",
      "price": 11
    },
    {
      "abr": "голубоймех",
      "category": "Кожа",
      "defname": "Leather_Bluefur",
      "price": 4
    },
    {
      "abr": "медвежьяшкура",
      "category": "Кожа",
      "defname": "Leather_Bear",
      "price": 20
    },
    {
      "abr": "мехморскойсвинки",
      "category": "Кожа",
      "defname": "Leather_GuineaPig",
      "price": 8
    },
    {
      "abr": "кожачеловека",
      "category": "Кожа",
      "defname": "Leather_Human",
      "price": 7
    },
    {
      "abr": "свинаякожа",
      "category": "Кожа",
      "defname": "Leather_Pig",
      "price": 30
    },
    {
      "abr": "лёгкаякожа",
      "category": "Кожа",
      "defname": "Leather_Light",
      "price": 13
    },
    {
      "abr": "кожаптицы",
      "category": "Кожа",
      "defname": "Leather_Bird",
      "price": 3
    },
    {
      "abr": "мехшиншиллы",
      "category": "Кожа",
      "defname": "Leather_Chinchilla",
      "price": 11
    },
    {
      "abr": "лисьяшкура",
      "category": "Кожа",
      "defname": "Leather_Fox",
      "price": 6
    },
    {
      "abr": "кожарептилии",
      "category": "Кожа",
      "defname": "Leather_Lizard",
      "price": 3
    },
    {
      "abr": "слоновьякожа",
      "category": "Кожа",
      "defname": "Leather_Elephant",
      "price": 15
    },
    {
      "abr": "толстаяшкура",
      "category": "Кожа",
      "defname": "Leather_Heavy",
      "price": 6
    },
    {
      "abr": "кожаносорога",
      "category": "Кожа",
      "defname": "Leather_Rhinoceros",
      "price": 7
    },
    {
      "abr": "мехтрумбо",
      "category": "Кожа",
      "defname": "Leather_Thrumbo",
      "price": 23
    },
    {
      "abr": "лоскутнаякожа",
      "category": "Кожа",
      "defname": "Leather_Patch",
      "price": 7
    },
    {
      "abr": "серебро",
      "category": "Материалы",
      "defname": "Silver",
      "price": 25
    },
    {
      "abr": "золото",
      "category": "Материалы",
      "defname": "Gold",
      "price": 17
    },
    {
      "abr": "сталь",
      "category": "Материалы",
      "defname": "Steel",
      "price": 13
    },
    {
      "abr": "пласталь",
      "category": "Материалы",
      "defname": "Plasteel",
      "price": 15
    },
    {
      "abr": "древесина",
      "category": "Материалы",
      "defname": "WoodLog",
      "price": 5
    },
    {
      "abr": "уран",
      "category": "Материалы",
      "defname": "Uranium",
      "price": 10
    },
    {
      "abr": "нефрит",
      "category": "Материалы",
      "defname": "Jade",
      "price": 80
    },
    {
      "abr": "ткань",
      "category": "Текстиль",
      "defname": "Cloth",
      "price": 20
    },
    {
      "abr": "синткань",
      "category": "Текстиль",
      "defname": "Synthread",
      "price": 17
    },
    {
      "abr": "дьявлоткань",
      "category": "Текстиль",
      "defname": "DevilstrandCloth",
      "price": 9
    },
    {
      "abr": "гиперткань",
      "category": "Текстиль",
      "defname": "Hyperweave",
      "price": 15
    },
    {
      "abr": "овечьяшерсть",
      "category": "Шерсть",
      "defname": "WoolSheep",
      "price": 14
    },
    {
      "abr": "шерстьальпака",
      "category": "Шерсть",
      "defname": "WoolAlpaca",
      "price": 11
    },
    {
      "abr": "шерстьгигантскоголенивца",
      "category": "Шерсть",
      "defname": "WoolMegasloth",
      "price": 11
    },
    {
      "abr": "шерстьмуффало",
      "category": "Шерсть",
      "defname": "WoolMuffalo",
      "price": 11
    },
    {
      "abr": "шерстьзубра",
      "category": "Шерсть",
      "defname": "WoolBison",
      "price": 11
    },
    {
      "abr": "пояс-щит",
      "category": "Доп. снаряжение",
      "defname": "Apparel_ShieldBelt",
      "price": 650
    },
    {
      "abr": "ковбойскаяшляпа",
      "category": "Головные уборы",
      "defname": "Apparel_CowboyHat",
      "price": 94
    },
    {
      "abr": "шляпа-котелок",
      "category": "Головные уборы",
      "defname": "Apparel_BowlerHat",
      "price": 77
    },
    {
      "abr": "зверошапка",
      "category": "Головные уборы",
      "defname": "Apparel_TribalHeaddress",
      "price": 203
    },
    {
      "abr": "вязанаяшапка",
      "category": "Головные уборы",
      "defname": "Apparel_Tuque",
      "price": 74
    },
    {
      "abr": "маскавойны",
      "category": "Головные уборы",
      "defname": "Apparel_WarMask",
      "price": 101
    },
    {
      "abr": "покров",
      "category": "Головные уборы",
      "defname": "Apparel_WarVeil",
      "price": 75
    },
    {
      "abr": "простойшлем",
      "category": "Головные уборы",
      "defname": "Apparel_SimpleHelmet",
      "price": 153
    },
    {
      "abr": "бронешлем",
      "category": "Головные уборы",
      "defname": "Apparel_AdvancedHelmet",
      "price": 442
    },
    {
      "abr": "пехотныйшлем",
      "category": "Головные уборы",
      "defname": "Apparel_PowerArmorHelmet",
      "price": 1058
    },
    {
      "abr": "разведшлем",
      "category": "Головные уборы",
      "defname": "Apparel_ArmorHelmetRecon",
      "price": 875
    },
    {
      "abr": "шлемизпсихофольги",
      "category": "Головные уборы",
      "defname": "Apparel_PsychicFoilHelmet",
      "price": 417
    },
    {
      "abr": "капюшон",
      "category": "Головные уборы",
      "defname": "Apparel_HatHood",
      "price": 203
    },
    {
      "abr": "дымовыешашки",
      "category": "Доп. снаряжение",
      "defname": "Apparel_SmokepopBelt",
      "price": 277
    },
    {
      "abr": "хлопушкиспожарнойпеной",
      "category": "Доп. снаряжение",
      "defname": "Apparel_FirefoampopPack",
      "price": 239
    },
    {
      "abr": "копьёпотрясения",
      "category": "Доп. снаряжение",
      "defname": "Apparel_PsychicShockLance",
      "price": 917
    },
    {
      "abr": "копьёбезумия",
      "category": "Доп. снаряжение",
      "defname": "Apparel_PsychicInsanityLance",
      "price": 1083
    },
    {
      "abr": "туника",
      "category": "Разное",
      "defname": "Apparel_TribalA",
      "price": 211
    },
    {
      "abr": "пуховик",
      "category": "Разное",
      "defname": "Apparel_Parka",
      "price": 315
    },
    {
      "abr": "штаны",
      "category": "Разное",
      "defname": "Apparel_Pants",
      "price": 143
    },
    {
      "abr": "футболка",
      "category": "Разное",
      "defname": "Apparel_BasicShirt",
      "price": 143
    },
    {
      "abr": "рубашка",
      "category": "Разное",
      "defname": "Apparel_CollarShirt",
      "price": 166
    },
    {
      "abr": "плащ",
      "category": "Разное",
      "defname": "Apparel_Duster",
      "price": 327
    },
    {
      "abr": "куртка",
      "category": "Разное",
      "defname": "Apparel_Jacket",
      "price": 275
    },
    {
      "abr": "пластинчатыйдоспех",
      "category": "Броня",
      "defname": "Apparel_PlateArmor",
      "price": 792
    },
    {
      "abr": "бронежилет",
      "category": "Броня",
      "defname": "Apparel_FlakVest",
      "price": 375
    },
    {
      "abr": "бронештаны",
      "category": "Броня",
      "defname": "Apparel_FlakPants",
      "price": 375
    },
    {
      "abr": "бронекуртка",
      "category": "Броня",
      "defname": "Apparel_FlakJacket",
      "price": 483
    },
    {
      "abr": "пехотнаяброня",
      "category": "Броня",
      "defname": "Apparel_PowerArmor",
      "price": 3392
    },
    {
      "abr": "разведброня",
      "category": "Броня",
      "defname": "Apparel_ArmorRecon",
      "price": 2567
    },
    {
      "abr": "накидка",
      "category": "Одежда знати",
      "defname": "Apparel_Cape",
      "price": 367
    },
    {
      "abr": "блокипесчаника",
      "category": "Каменные блоки",
      "defname": "BlocksSandstone",
      "price": 10
    },
    {
      "abr": "блокигранита",
      "category": "Каменные блоки",
      "defname": "BlocksGranite",
      "price": 10
    },
    {
      "abr": "блокиизвестняка",
      "category": "Каменные блоки",
      "defname": "BlocksLimestone",
      "price": 10
    },
    {
      "abr": "блокисланца",
      "category": "Каменные блоки",
      "defname": "BlocksSlate",
      "price": 10
    },
    {
      "abr": "блокимрамора",
      "category": "Каменные блоки",
      "defname": "BlocksMarble",
      "price": 10
    },
    {
      "abr": "штурмовойтопор",
      "category": "Оружие ближнего боя",
      "defname": "MeleeWeapon_BreachAxe",
      "price": 197
    },
    {
      "abr": "булава",
      "category": "Оружие ближнего боя",
      "defname": "MeleeWeapon_Mace",
      "price": 203
    },
    {
      "abr": "гладиус",
      "category": "Оружие ближнего боя",
      "defname": "MeleeWeapon_Gladius",
      "price": 239
    },
    {
      "abr": "длинныймеч",
      "category": "Оружие ближнего боя",
      "defname": "MeleeWeapon_LongSword",
      "price": 442
    },
    {
      "abr": "дубина",
      "category": "Оружие ближнего боя",
      "defname": "MeleeWeapon_Club",
      "price": 141
    },
    {
      "abr": "нож",
      "category": "Оружие ближнего боя",
      "defname": "MeleeWeapon_Knife",
      "price": 111
    },
    {
      "abr": "иклва",
      "category": "Оружие ближнего боя",
      "defname": "MeleeWeapon_Ikwa",
      "price": 197
    },
    {
      "abr": "копьё",
      "category": "Оружие ближнего боя",
      "defname": "MeleeWeapon_Spear",
      "price": 322
    },
    {
      "abr": "ракетница«тройка»",
      "category": "Оружие дальнего боя",
      "defname": "Gun_TripleRocket",
      "price": 1667
    },
    {
      "abr": "ракетницасудногодня",
      "category": "Оружие дальнего боя",
      "defname": "Gun_DoomsdayRocket",
      "price": 1667
    },
    {
      "abr": "осколочныегранаты",
      "category": "Гранаты",
      "defname": "Weapon_GrenadeFrag",
      "price": 442
    },
    {
      "abr": "коктейлимолотова",
      "category": "Гранаты",
      "defname": "Weapon_GrenadeMolotov",
      "price": 408
    },
    {
      "abr": "эми-гранаты",
      "category": "Гранаты",
      "defname": "Weapon_GrenadeEMP",
      "price": 525
    },
    {
      "abr": "револьвер",
      "category": "Оружие дальнего боя",
      "defname": "Gun_Revolver",
      "price": 226
    },
    {
      "abr": "пистолет",
      "category": "Оружие дальнего боя",
      "defname": "Gun_Autopistol",
      "price": 232
    },
    {
      "abr": "автоматическийпистолет",
      "category": "Оружие дальнего боя",
      "defname": "Gun_MachinePistol",
      "price": 367
    },
    {
      "abr": "реактивныйогнемёт",
      "category": "Оружие дальнего боя",
      "defname": "Gun_IncendiaryLauncher",
      "price": 567
    },
    {
      "abr": "дымовойгранатомёт",
      "category": "Оружие дальнего боя",
      "defname": "Gun_SmokeLauncher",
      "price": 633
    },
    {
      "abr": "эми-гранатомёт",
      "category": "Оружие дальнего боя",
      "defname": "Gun_EmpLauncher",
      "price": 842
    },
    {
      "abr": "винтовка",
      "category": "Оружие дальнего боя",
      "defname": "Gun_BoltActionRifle",
      "price": 425
    },
    {
      "abr": "дробовик",
      "category": "Оружие дальнего боя",
      "defname": "Gun_PumpShotgun",
      "price": 425
    },
    {
      "abr": "автоматическийдробовик",
      "category": "Оружие дальнего боя",
      "defname": "Gun_ChainShotgun",
      "price": 675
    },
    {
      "abr": "пистолет-пулемёт",
      "category": "Оружие дальнего боя",
      "defname": "Gun_HeavySMG",
      "price": 592
    },
    {
      "abr": "ручнойпулемёт",
      "category": "Оружие дальнего боя",
      "defname": "Gun_LMG",
      "price": 708
    },
    {
      "abr": "автомат",
      "category": "Оружие дальнего боя",
      "defname": "Gun_AssaultRifle",
      "price": 800
    },
    {
      "abr": "снайперскаявинтовка",
      "category": "Оружие дальнего боя",
      "defname": "Gun_SniperRifle",
      "price": 883
    },
    {
      "abr": "миниган",
      "category": "Оружие дальнего боя",
      "defname": "Gun_Minigun",
      "price": 1933
    },
    {
      "abr": "короткийлук",
      "category": "Оружие дальнего боя",
      "defname": "Bow_Short",
      "price": 74
    },
    {
      "abr": "пилум",
      "category": "Оружие дальнего боя",
      "defname": "Pila",
      "price": 182
    },
    {
      "abr": "рекурсивныйлук",
      "category": "Оружие дальнего боя",
      "defname": "Bow_Recurve",
      "price": 110
    },
    {
      "abr": "длинныйлук",
      "category": "Оружие дальнего боя",
      "defname": "Bow_Great",
      "price": 174
    },
    {
      "abr": "энерговинтовка",
      "category": "Оружие дальнего боя",
      "defname": "Gun_ChargeRifle",
      "price": 1683
    },
    {
      "abr": "энергокопьё",
      "category": "Оружие дальнего боя",
      "defname": "Gun_ChargeLance",
      "price": 2258
    },
    {
      "abr": "целеуказательдлябомбардировки",
      "category": "Доп. снаряжение",
      "defname": "OrbitalTargeterBombardment",
      "price": 2000
    },
    {
      "abr": "целеуказательдлясиловоголуча",
      "category": "Доп. снаряжение",
      "defname": "OrbitalTargeterPowerBeam",
      "price": 2000
    },
    {
      "abr": "генераторвихря",
      "category": "Доп. снаряжение",
      "defname": "TornadoGenerator",
      "price": 1333
    },
    {
      "abr": "краситель",
      "category": "Растительное сырьё",
      "defname": "Dye",
      "price": 4
    },
    {
      "abr": "медведь",
      "category": "Животные",
      "defname": "Bear_Grizzly",
      "price": 1167
    },
    {
      "abr": "белыймедведь",
      "category": "Животные",
      "defname": "Bear_Polar",
      "price": 1167
    },
    {
      "abr": "страус",
      "category": "Животные",
      "defname": "Ostrich",
      "price": 417
    },
    {
      "abr": "эму",
      "category": "Животные",
      "defname": "Emu",
      "price": 333
    },
    {
      "abr": "казуар",
      "category": "Животные",
      "defname": "Cassowary",
      "price": 333
    },
    {
      "abr": "пума",
      "category": "Животные",
      "defname": "Cougar",
      "price": 667
    },
    {
      "abr": "пантера",
      "category": "Животные",
      "defname": "Panther",
      "price": 667
    },
    {
      "abr": "рысь",
      "category": "Животные",
      "defname": "Lynx",
      "price": 417
    },
    {
      "abr": "кошка",
      "category": "Животные",
      "defname": "Cat",
      "price": 167
    },
    {
      "abr": "йоркширскийтерьер",
      "category": "Животные",
      "defname": "YorkshireTerrier",
      "price": 167
    },
    {
      "abr": "морскаясвинка",
      "category": "Животные",
      "defname": "GuineaPig",
      "price": 250
    },
    {
      "abr": "лабрадор-ретривер",
      "category": "Животные",
      "defname": "LabradorRetriever",
      "price": 417
    },
    {
      "abr": "хаски",
      "category": "Животные",
      "defname": "Husky",
      "price": 417
    },
    {
      "abr": "обезьяна",
      "category": "Животные",
      "defname": "Monkey",
      "price": 167
    },
    {
      "abr": "курица",
      "category": "Животные",
      "defname": "Chicken",
      "price": 83
    },
    {
      "abr": "утка",
      "category": "Животные",
      "defname": "Duck",
      "price": 100
    },
    {
      "abr": "индейка",
      "category": "Животные",
      "defname": "Turkey",
      "price": 167
    },
    {
      "abr": "гусь",
      "category": "Животные",
      "defname": "Goose",
      "price": 150
    },
    {
      "abr": "корова",
      "category": "Животные",
      "defname": "Cow",
      "price": 500
    },
    {
      "abr": "бумалопа",
      "category": "Животные",
      "defname": "Boomalope",
      "price": 583
    },
    {
      "abr": "муффало",
      "category": "Животные",
      "defname": "Muffalo",
      "price": 500
    },
    {
      "abr": "зубр",
      "category": "Животные",
      "defname": "Bison",
      "price": 583
    },
    {
      "abr": "верблюд",
      "category": "Животные",
      "defname": "Dromedary",
      "price": 500
    },
    {
      "abr": "коза",
      "category": "Животные",
      "defname": "Goat",
      "price": 333
    },
    {
      "abr": "марал",
      "category": "Животные",
      "defname": "Elk",
      "price": 500
    },
    {
      "abr": "як",
      "category": "Животные",
      "defname": "Yak",
      "price": 533
    },
    {
      "abr": "северныйолень",
      "category": "Животные",
      "defname": "Caribou",
      "price": 500
    },
    {
      "abr": "лошадь",
      "category": "Животные",
      "defname": "Horse",
      "price": 917
    },
    {
      "abr": "осёл",
      "category": "Животные",
      "defname": "Donkey",
      "price": 533
    },
    {
      "abr": "слон",
      "category": "Животные",
      "defname": "Elephant",
      "price": 1000
    },
    {
      "abr": "носорог",
      "category": "Животные",
      "defname": "Rhinoceros",
      "price": 1167
    },
    {
      "abr": "заяц",
      "category": "Животные",
      "defname": "Hare",
      "price": 83
    },
    {
      "abr": "беляк",
      "category": "Животные",
      "defname": "Snowhare",
      "price": 83
    },
    {
      "abr": "мегаскарабей",
      "category": "Животные",
      "defname": "Megascarab",
      "price": 167
    },
    {
      "abr": "пещерныйжук",
      "category": "Животные",
      "defname": "Spelopede",
      "price": 333
    },
    {
      "abr": "мегапаук",
      "category": "Животные",
      "defname": "Megaspider",
      "price": 833
    },
    {
      "abr": "трумбо",
      "category": "Животные",
      "defname": "Thrumbo",
      "price": 6667
    },
    {
      "abr": "кобра",
      "category": "Животные",
      "defname": "Cobra",
      "price": 250
    },
    {
      "abr": "черепаха",
      "category": "Животные",
      "defname": "Tortoise",
      "price": 333
    },
    {
      "abr": "альфабобёр",
      "category": "Животные",
      "defname": "Alphabeaver",
      "price": 417
    },
    {
      "abr": "свинья",
      "category": "Животные",
      "defname": "Pig",
      "price": 333
    },
    {
      "abr": "кабан",
      "category": "Животные",
      "defname": "WildBoar",
      "price": 333
    },
    {
      "abr": "горныйкозёл",
      "category": "Животные",
      "defname": "Ibex",
      "price": 417
    },
    {
      "abr": "олень",
      "category": "Животные",
      "defname": "Deer",
      "price": 417
    },
    {
      "abr": "газель",
      "category": "Животные",
      "defname": "Gazelle",
      "price": 250
    },
    {
      "abr": "шиншилла",
      "category": "Животные",
      "defname": "Chinchilla",
      "price": 250
    },
    {
      "abr": "овца",
      "category": "Животные",
      "defname": "Sheep",
      "price": 350
    },
    {
      "abr": "альпака",
      "category": "Животные",
      "defname": "Alpaca",
      "price": 583
    },
    {
      "abr": "гигантскийленивец",
      "category": "Животные",
      "defname": "Megasloth",
      "price": 1167
    },
    {
      "abr": "капибара",
      "category": "Животные",
      "defname": "Capybara",
      "price": 250
    },
    {
      "abr": "белка",
      "category": "Животные",
      "defname": "Squirrel",
      "price": 58
    },
    {
      "abr": "крыса",
      "category": "Животные",
      "defname": "Rat",
      "price": 58
    },
    {
      "abr": "бумкрыса",
      "category": "Животные",
      "defname": "Boomrat",
      "price": 167
    },
    {
      "abr": "енот",
      "category": "Животные",
      "defname": "Raccoon",
      "price": 167
    },
    {
      "abr": "игуана",
      "category": "Животные",
      "defname": "Iguana",
      "price": 167
    },
    {
      "abr": "варг",
      "category": "Животные",
      "defname": "Warg",
      "price": 750
    },
    {
      "abr": "волк",
      "category": "Животные",
      "defname": "Wolf_Timber",
      "price": 583
    },
    {
      "abr": "полярныйволк",
      "category": "Животные",
      "defname": "Wolf_Arctic",
      "price": 583
    },
    {
      "abr": "фенек",
      "category": "Животные",
      "defname": "Fox_Fennec",
      "price": 333
    },
    {
      "abr": "лисица",
      "category": "Животные",
      "defname": "Fox_Red",
      "price": 333
    },
    {
      "abr": "песец",
      "category": "Животные",
      "defname": "Fox_Arctic",
      "price": 333
    },
    {
      "abr": "детоксицирующеелёгкое",
      "category": "Бионические",
      "defname": "DetoxifierLung",
      "price": 1542
    },
    {
      "abr": "детоксицирующаяпочка",
      "category": "Бионические",
      "defname": "DetoxifierKidney",
      "price": 1800
    },
    {
      "abr": "мехлинк",
      "category": "Медтехнологии",
      "defname": "Mechlink",
      "price": 833
    },
    {
      "abr": "диспетчерскийсублинк(базовый)",
      "category": "Медтехнологии",
      "defname": "ControlSublink",
      "price": 2000
    },
    {
      "abr": "диспетчерскийсублинк(улучшенный)",
      "category": "Медтехнологии",
      "defname": "ControlSublinkHigh",
      "price": 2000
    },
    {
      "abr": "модульдистанционногоремонта",
      "category": "Медтехнологии",
      "defname": "RemoteRepairer",
      "price": 2000
    },
    {
      "abr": "гестационныйпроцессор",
      "category": "Медтехнологии",
      "defname": "MechFormfeeder",
      "price": 2000
    },
    {
      "abr": "модульдистанционногощита",
      "category": "Медтехнологии",
      "defname": "RemoteShielder",
      "price": 2000
    },
    {
      "abr": "ремонтныйзонд",
      "category": "Медтехнологии",
      "defname": "RepairProbe",
      "price": 2000
    },
    {
      "abr": "торпорныйсаркофаг",
      "category": "Разное",
      "defname": "DeathrestCasket",
      "price": 492
    },
    {
      "abr": "гемопомпа",
      "category": "Разное",
      "defname": "Hemopump",
      "price": 600
    },
    {
      "abr": "гемобустер",
      "category": "Разное",
      "defname": "HemogenAmplifier",
      "price": 917
    },
    {
      "abr": "глюкознаяпомпа",
      "category": "Разное",
      "defname": "GlucosoidPump",
      "price": 858
    },
    {
      "abr": "психопомпа",
      "category": "Разное",
      "defname": "PsychofluidPump",
      "price": 2042
    },
    {
      "abr": "ускорительторпора",
      "category": "Разное",
      "defname": "DeathrestAccelerator",
      "price": 1183
    },
    {
      "abr": "коробкасигрушками",
      "category": "Мебель",
      "defname": "ToyBox",
      "price": 274
    },
    {
      "abr": "парта",
      "category": "Мебель",
      "defname": "SchoolDesk",
      "price": 104
    },
    {
      "abr": "игрушка",
      "category": "Мебель",
      "defname": "BabyDecoration",
      "price": 205
    },
    {
      "abr": "люлька",
      "category": "Мебель",
      "defname": "Crib",
      "price": 86
    },
    {
      "abr": "доска",
      "category": "Мебель",
      "defname": "Blackboard",
      "price": 56
    },
    {
      "abr": "генныйбанк",
      "category": "Производство",
      "defname": "GeneBank",
      "price": 242
    },
    {
      "abr": "очистнаяпомпа",
      "category": "Разное",
      "defname": "PollutionPump",
      "price": 315
    },
    {
      "abr": "кровавыйфакел",
      "category": "Разное",
      "defname": "SanguphageMeetingTorch",
      "price": 41
    },
    {
      "abr": "механоидныйусилитель",
      "category": "Разное",
      "defname": "MechBooster",
      "price": 575
    },
    {
      "abr": "химическаямина",
      "category": "Защита",
      "defname": "TrapIED_ToxGas",
      "price": 192
    },
    {
      "abr": "программаторсубъядер",
      "category": "Производство",
      "defname": "SubcoreEncoder",
      "price": 525
    },
    {
      "abr": "детскоепитание",
      "category": "Продовольствие",
      "defname": "BabyFood",
      "price": 10
    },
    {
      "abr": "гемоген-пакет",
      "category": "Продовольствие",
      "defname": "HemogenPack",
      "price": 8
    },
    {
      "abr": "базовоесубъядро",
      "category": "Изделия",
      "defname": "SubcoreBasic",
      "price": 333
    },
    {
      "abr": "стандартноесубъядро",
      "category": "Изделия",
      "defname": "SubcoreRegular",
      "price": 500
    },
    {
      "abr": "продвинутоесубъядро",
      "category": "Изделия",
      "defname": "SubcoreHigh",
      "price": 1667
    },
    {
      "abr": "сигнальныйчип",
      "category": "Изделия",
      "defname": "SignalChip",
      "price": 833
    },
    {
      "abr": "энергофокусирующийчип",
      "category": "Изделия",
      "defname": "PowerfocusChip",
      "price": 1667
    },
    {
      "abr": "наноструктурирующийчип",
      "category": "Изделия",
      "defname": "NanostructuringChip",
      "price": 2500
    },
    {
      "abr": "сывороткаторпорнойвместимости",
      "category": "Разное",
      "defname": "DeathrestCapacitySerum",
      "price": 1667
    },
    {
      "abr": "токсичныйснаряд",
      "category": "Миномётные снаряды",
      "defname": "Shell_Toxic",
      "price": 92
    },
    {
      "abr": "токситофель",
      "category": "Растительного происхождения",
      "defname": "RawToxipotato",
      "price": 11
    },
    {
      "abr": "генныйпакет",
      "category": "Разное",
      "defname": "Genepack",
      "price": 167
    },
    {
      "abr": "ксеносемя",
      "category": "Разное",
      "defname": "Xenogerm",
      "price": 167
    },
    {
      "abr": "капсуласархитами",
      "category": "Разное",
      "defname": "ArchiteCapsule",
      "price": 1167
    },
    {
      "abr": "передатчикмеханоидов",
      "category": "Разное",
      "defname": "MechanoidTransponder",
      "price": 333
    },
    {
      "abr": "яйцеклетка",
      "category": "Разное",
      "defname": "HumanOvum",
      "price": 83
    },
    {
      "abr": "эмбрион",
      "category": "Разное",
      "defname": "HumanEmbryo",
      "price": 83
    },
    {
      "abr": "детскийкомбинезон",
      "category": "Разное",
      "defname": "Apparel_KidRomper",
      "price": 112
    },
    {
      "abr": "детскаяфутболка",
      "category": "Разное",
      "defname": "Apparel_KidShirt",
      "price": 74
    },
    {
      "abr": "детскиештаны",
      "category": "Разное",
      "defname": "Apparel_KidPants",
      "price": 74
    },
    {
      "abr": "детскийпуховик",
      "category": "Разное",
      "defname": "Apparel_KidParka",
      "price": 172
    },
    {
      "abr": "kidtribalwear",
      "category": "Разное",
      "defname": "Apparel_KidTribal",
      "price": 108
    },
    {
      "abr": "детскийшлем",
      "category": "Головные уборы",
      "defname": "Apparel_KidHelmet",
      "price": 79
    },
    {
      "abr": "беспроводнаягарнитура",
      "category": "Головные уборы",
      "defname": "Apparel_AirwireHeadset",
      "price": 383
    },
    {
      "abr": "матричнаягарнитура",
      "category": "Головные уборы",
      "defname": "Apparel_ArrayHeadset",
      "price": 600
    },
    {
      "abr": "интеграционнаягарнитура",
      "category": "Головные уборы",
      "defname": "Apparel_IntegratorHeadset",
      "price": 4058
    },
    {
      "abr": "шлеммехкомандира",
      "category": "Головные уборы",
      "defname": "Apparel_ArmorHelmetMechCommander",
      "price": 2150
    },
    {
      "abr": "шлеммехлорда",
      "category": "Головные уборы",
      "defname": "Apparel_ArmorHelmetMechlordHelmet",
      "price": 8892
    },
    {
      "abr": "противогаз",
      "category": "Головные уборы",
      "defname": "Apparel_GasMask",
      "price": 176
    },
    {
      "abr": "защитнаямаска",
      "category": "Головные уборы",
      "defname": "Apparel_ClothMask",
      "price": 38
    },
    {
      "abr": "управляющийранец",
      "category": "Доп. снаряжение",
      "defname": "Apparel_PackControl",
      "price": 658
    },
    {
      "abr": "канальныйранец",
      "category": "Доп. снаряжение",
      "defname": "Apparel_PackBandwidth",
      "price": 2275
    },
    {
      "abr": "токсичныйранец",
      "category": "Доп. снаряжение",
      "defname": "Apparel_PackTox",
      "price": 219
    },
    {
      "abr": "костюммехлорда",
      "category": "Броня",
      "defname": "Apparel_MechlordSuit",
      "price": 11692
    },
    {
      "abr": "тяжёлыйпатронташ",
      "category": "Разное",
      "defname": "Apparel_Bandolier",
      "price": 271
    },
    {
      "abr": "пе́ревязь",
      "category": "Разное",
      "defname": "Apparel_Sash",
      "price": 89
    },
    {
      "abr": "токсичныйгранатомёт",
      "category": "Оружие дальнего боя",
      "defname": "Gun_ToxbombLauncher",
      "price": 633
    },
    {
      "abr": "токсичныегранаты",
      "category": "Гранаты",
      "defname": "Weapon_GrenadeTox",
      "price": 525
    },
    {
      "abr": "зажигательныйлук",
      "category": "Оружие дальнего боя",
      "defname": "Flamebow",
      "price": 75
    },
    {
      "abr": "poluxseed",
      "category": "Разное",
      "defname": "PoluxSeed",
      "price": 2000
    },
    {
      "abr": "мусорнаякрыса",
      "category": "Животные",
      "defname": "WasteRat",
      "price": 58
    },
    {
      "abr": "токсилопа",
      "category": "Животные",
      "defname": "Toxalope",
      "price": 583
    },
    {
      "abr": "медвежатина",
      "category": "Мясо",
      "defname": "Meat_Bear_Grizzly",
      "price": 13
    },
    {
      "abr": "мясоптицы",
      "category": "Мясо",
      "defname": "Meat_Cassowary",
      "price": 30
    },
    {
      "abr": "мясопумы",
      "category": "Мясо",
      "defname": "Meat_Cougar",
      "price": 30
    },
    {
      "abr": "мясопантера",
      "category": "Мясо",
      "defname": "Meat_Panther",
      "price": 30
    },
    {
      "abr": "мясорысь",
      "category": "Мясо",
      "defname": "Meat_Lynx",
      "price": 30
    },
    {
      "abr": "мясокошка",
      "category": "Мясо",
      "defname": "Meat_Cat",
      "price": 30
    },
    {
      "abr": "мясотерьера",
      "category": "Мясо",
      "defname": "Meat_YorkshireTerrier",
      "price": 30
    },
    {
      "abr": "мясоморскаясвинка",
      "category": "Мясо",
      "defname": "Meat_GuineaPig",
      "price": 30
    },
    {
      "abr": "мясолабрадор-ретривер",
      "category": "Мясо",
      "defname": "Meat_LabradorRetriever",
      "price": 30
    },
    {
      "abr": "мясохаски",
      "category": "Мясо",
      "defname": "Meat_Husky",
      "price": 30
    },
    {
      "abr": "мясообезьяна",
      "category": "Мясо",
      "defname": "Meat_Monkey",
      "price": 30
    },
    {
      "abr": "курятина",
      "category": "Мясо",
      "defname": "Meat_Chicken",
      "price": 13
    },
    {
      "abr": "мясоутка",
      "category": "Мясо",
      "defname": "Meat_Duck",
      "price": 30
    },
    {
      "abr": "мясоиндейка",
      "category": "Мясо",
      "defname": "Meat_Turkey",
      "price": 30
    },
    {
      "abr": "говядина",
      "category": "Мясо",
      "defname": "Meat_Cow",
      "price": 10
    },
    {
      "abr": "мясобумалопа",
      "category": "Мясо",
      "defname": "Meat_Boomalope",
      "price": 30
    },
    {
      "abr": "мясомуффало",
      "category": "Мясо",
      "defname": "Meat_Muffalo",
      "price": 30
    },
    {
      "abr": "мясозубр",
      "category": "Мясо",
      "defname": "Meat_Bison",
      "price": 30
    },
    {
      "abr": "мясоверблюд",
      "category": "Мясо",
      "defname": "Meat_Dromedary",
      "price": 30
    },
    {
      "abr": "мясокоза",
      "category": "Мясо",
      "defname": "Meat_Goat",
      "price": 30
    },
    {
      "abr": "мясомарал",
      "category": "Мясо",
      "defname": "Meat_Elk",
      "price": 30
    },
    {
      "abr": "мясояка",
      "category": "Мясо",
      "defname": "Meat_Yak",
      "price": 30
    },
    {
      "abr": "мясосеверныйолень",
      "category": "Мясо",
      "defname": "Meat_Caribou",
      "price": 30
    },
    {
      "abr": "конина",
      "category": "Мясо",
      "defname": "Meat_Horse",
      "price": 13
    },
    {
      "abr": "мясоосёл",
      "category": "Мясо",
      "defname": "Meat_Donkey",
      "price": 30
    },
    {
      "abr": "мясослон",
      "category": "Мясо",
      "defname": "Meat_Elephant",
      "price": 30
    },
    {
      "abr": "мясоносорог",
      "category": "Мясо",
      "defname": "Meat_Rhinoceros",
      "price": 30
    },
    {
      "abr": "зайчатина",
      "category": "Мясо",
      "defname": "Meat_Hare",
      "price": 3
    },
    {
      "abr": "мясонасекомого",
      "category": "Мясо",
      "defname": "Meat_Megaspider",
      "price": 10
    },
    {
      "abr": "мясотрумбо",
      "category": "Мясо",
      "defname": "Meat_Thrumbo",
      "price": 30
    },
    {
      "abr": "мясокобры",
      "category": "Мясо",
      "defname": "Meat_Cobra",
      "price": 30
    },
    {
      "abr": "мясочерепаха",
      "category": "Мясо",
      "defname": "Meat_Tortoise",
      "price": 30
    },
    {
      "abr": "альфабобрятина",
      "category": "Мясо",
      "defname": "Meat_Alphabeaver",
      "price": 13
    },
    {
      "abr": "свинина",
      "category": "Мясо",
      "defname": "Meat_Pig",
      "price": 30
    },
    {
      "abr": "мясогорныйкозёл",
      "category": "Мясо",
      "defname": "Meat_Ibex",
      "price": 30
    },
    {
      "abr": "оленина",
      "category": "Мясо",
      "defname": "Meat_Deer",
      "price": 13
    },
    {
      "abr": "мясогазель",
      "category": "Мясо",
      "defname": "Meat_Gazelle",
      "price": 30
    },
    {
      "abr": "мясошиншилла",
      "category": "Мясо",
      "defname": "Meat_Chinchilla",
      "price": 30
    },
    {
      "abr": "мясоовца",
      "category": "Мясо",
      "defname": "Meat_Sheep",
      "price": 30
    },
    {
      "abr": "мясоальпака",
      "category": "Мясо",
      "defname": "Meat_Alpaca",
      "price": 30
    },
    {
      "abr": "мясогигантскийленивец",
      "category": "Мясо",
      "defname": "Meat_Megasloth",
      "price": 30
    },
    {
      "abr": "мясокапибара",
      "category": "Мясо",
      "defname": "Meat_Capybara",
      "price": 30
    },
    {
      "abr": "бельчатина",
      "category": "Мясо",
      "defname": "Meat_Squirrel",
      "price": 13
    },
    {
      "abr": "крысятина",
      "category": "Мясо",
      "defname": "Meat_Rat",
      "price": 10
    },
    {
      "abr": "бумкрысятина",
      "category": "Мясо",
      "defname": "Meat_Boomrat",
      "price": 10
    },
    {
      "abr": "мясоенот",
      "category": "Мясо",
      "defname": "Meat_Raccoon",
      "price": 30
    },
    {
      "abr": "мясоигуана",
      "category": "Мясо",
      "defname": "Meat_Iguana",
      "price": 30
    },
    {
      "abr": "мясоварг",
      "category": "Мясо",
      "defname": "Meat_Warg",
      "price": 30
    },
    {
      "abr": "волчатина",
      "category": "Мясо",
      "defname": "Meat_Wolf_Timber",
      "price": 13
    },
    {
      "abr": "лисятина",
      "category": "Мясо",
      "defname": "Meat_Fox_Fennec",
      "price": 13
    },
    {
      "abr": "плотьчеловека",
      "category": "Мясо",
      "defname": "Meat_Human",
      "price": 111
    },
    {
      "abr": "мясомусорнаякрыса",
      "category": "Мясо",
      "defname": "Meat_WasteRat",
      "price": 30
    },
    {
      "abr": "мясотоксилопа",
      "category": "Мясо",
      "defname": "Meat_Toxalope",
      "price": 30
    },
    {
      "abr": "нейротренернавыка(дальнийбой)",
      "category": "Нейротренеры навыков",
      "defname": "Neurotrainer_Shooting",
      "price": 1250
    },
    {
      "abr": "нейротренернавыка(ближнийбой)",
      "category": "Нейротренеры навыков",
      "defname": "Neurotrainer_Melee",
      "price": 1250
    },
    {
      "abr": "нейротренернавыка(строительство)",
      "category": "Нейротренеры навыков",
      "defname": "Neurotrainer_Construction",
      "price": 1250
    },
    {
      "abr": "нейротренернавыка(горноедело)",
      "category": "Нейротренеры навыков",
      "defname": "Neurotrainer_Mining",
      "price": 1250
    },
    {
      "abr": "нейротренернавыка(кулинария)",
      "category": "Нейротренеры навыков",
      "defname": "Neurotrainer_Cooking",
      "price": 1250
    },
    {
      "abr": "нейротренернавыка(растениеводство)",
      "category": "Нейротренеры навыков",
      "defname": "Neurotrainer_Plants",
      "price": 1250
    },
    {
      "abr": "нейротренернавыка(животноводство)",
      "category": "Нейротренеры навыков",
      "defname": "Neurotrainer_Animals",
      "price": 1250
    },
    {
      "abr": "нейротренернавыка(ремесло)",
      "category": "Нейротренеры навыков",
      "defname": "Neurotrainer_Crafting",
      "price": 1250
    },
    {
      "abr": "нейротренернавыка(искусство)",
      "category": "Нейротренеры навыков",
      "defname": "Neurotrainer_Artistic",
      "price": 1250
    },
    {
      "abr": "нейротренернавыка(медицина)",
      "category": "Нейротренеры навыков",
      "defname": "Neurotrainer_Medicine",
      "price": 1250
    },
    {
      "abr": "нейротренернавыка(общение)",
      "category": "Нейротренеры навыков",
      "defname": "Neurotrainer_Social",
      "price": 1250
    },
    {
      "abr": "нейротренернавыка(умственныйтруд)",
      "category": "Нейротренеры навыков",
      "defname": "Neurotrainer_Intellectual",
      "price": 1250
    },
    {
      "abr": "агрорука",
      "category": "Протезы",
      "defname": "FieldHand",
      "price": 708
    },
    {
      "abr": "арфа",
      "category": "Развлечения",
      "defname": "Harp",
      "price": 408
    },
    {
      "abr": "берет",
      "category": "Головные уборы",
      "defname": "Apparel_Beret",
      "price": 141
    },
    {
      "abr": "большоеприродноесвятилище",
      "category": "Разное",
      "defname": "NatureShrine_Large",
      "price": 1183
    },
    {
      "abr": "бронирующаяжелеза",
      "category": "Бионические",
      "defname": "ArmorskinGland",
      "price": 2458
    },
    {
      "abr": "броня«богомола»",
      "category": "Броня",
      "defname": "Apparel_ArmorLocust",
      "price": 3717
    },
    {
      "abr": "броня«феникса»",
      "category": "Броня",
      "defname": "Apparel_ArmorCataphractPhoenix",
      "price": 5800
    },
    {
      "abr": "великийтрон",
      "category": "Мебель",
      "defname": "GrandThrone",
      "price": 2492
    },
    {
      "abr": "гастроанализатор",
      "category": "Бионические",
      "defname": "GastroAnalyzer",
      "price": 1383
    },
    {
      "abr": "гренадерскаяброня",
      "category": "Броня",
      "defname": "Apparel_ArmorMarineGrenadier",
      "price": 3842
    },
    {
      "abr": "дамскаяшляпка",
      "category": "Головные уборы",
      "defname": "Apparel_HatLadies",
      "price": 203
    },
    {
      "abr": "деловаярубашка",
      "category": "Одежда знати",
      "defname": "Apparel_ShirtRuffle",
      "price": 253
    },
    {
      "abr": "деловойжилет",
      "category": "Одежда знати",
      "defname": "Apparel_VestRoyal",
      "price": 222
    },
    {
      "abr": "жаровня",
      "category": "Мебель",
      "defname": "Brazier",
      "price": 167
    },
    {
      "abr": "железакаменнойкожи",
      "category": "Бионические",
      "defname": "StoneskinGland",
      "price": 3200
    },
    {
      "abr": "железатвёрдойкожи",
      "category": "Бионические",
      "defname": "ToughskinGland",
      "price": 1717
    },
    {
      "abr": "желудокповторнойобработки",
      "category": "Бионические",
      "defname": "ReprocessorStomach",
      "price": 1717
    },
    {
      "abr": "жилетизэльтекса",
      "category": "Разное",
      "defname": "Apparel_PsyfocusVest",
      "price": 833
    },
    {
      "abr": "звёзднаякорона",
      "category": "Головные уборы",
      "defname": "Apparel_CrownStellic",
      "price": 283
    },
    {
      "abr": "иммунизатор",
      "category": "Бионические",
      "defname": "Immunoenhancer",
      "price": 1717
    },
    {
      "abr": "исцелитель",
      "category": "Бионические",
      "defname": "HealingEnhancer",
      "price": 1717
    },
    {
      "abr": "каменьдуха",
      "category": "Разное",
      "defname": "AnimusStone",
      "price": 8333
    },
    {
      "abr": "катафрактарскаяброня",
      "category": "Броня",
      "defname": "Apparel_ArmorCataphract",
      "price": 5200
    },
    {
      "abr": "катафрактарскийшлем",
      "category": "Головные уборы",
      "defname": "Apparel_ArmorHelmetCataphract",
      "price": 1242
    },
    {
      "abr": "кистевойкоготь",
      "category": "Протезы",
      "defname": "HandTalon",
      "price": 592
    },
    {
      "abr": "клавесин",
      "category": "Развлечения",
      "defname": "Harpsichord",
      "price": 692
    },
    {
      "abr": "коагулятор",
      "category": "Бионические",
      "defname": "Coagulator",
      "price": 1717
    },
    {
      "abr": "когнитивныйстимулятор",
      "category": "Бионические",
      "defname": "LearningAssistant",
      "price": 1717
    },
    {
      "abr": "коленныйшип",
      "category": "Протезы",
      "defname": "KneeSpike",
      "price": 592
    },
    {
      "abr": "корона",
      "category": "Головные уборы",
      "defname": "Apparel_Crown",
      "price": 322
    },
    {
      "abr": "коронетка",
      "category": "Головные уборы",
      "defname": "Apparel_Coronet",
      "price": 215
    },
    {
      "abr": "корректорфигуры",
      "category": "Бионические",
      "defname": "AestheticShaper",
      "price": 1383
    },
    {
      "abr": "корсет",
      "category": "Одежда знати",
      "defname": "Apparel_Corset",
      "price": 222
    },
    {
      "abr": "локтевоелезвие",
      "category": "Протезы",
      "defname": "ElbowBlade",
      "price": 592
    },
    {
      "abr": "малоеприродноесвятилище",
      "category": "Разное",
      "defname": "NatureShrine_Small",
      "price": 592
    },
    {
      "abr": "мантияизэльтекса",
      "category": "Разное",
      "defname": "Apparel_PsyfocusRobe",
      "price": 1000
    },
    {
      "abr": "мозгорез",
      "category": "Протезы",
      "defname": "Mindscrew",
      "price": 350
    },
    {
      "abr": "молот",
      "category": "Оружие ближнего боя",
      "defname": "MeleeWeapon_Warhammer",
      "price": 608
    },
    {
      "abr": "мономеч",
      "category": "Оружие ближнего боя",
      "defname": "MeleeWeapon_MonoSword",
      "price": 3333
    },
    {
      "abr": "нейрокалькулятор",
      "category": "Бионические",
      "defname": "Neurocalculator",
      "price": 1717
    },
    {
      "abr": "нестабильнаяэнергоячейка",
      "category": "Особое",
      "defname": "UnstablePowerCell",
      "price": 667
    },
    {
      "abr": "переноснойбарьерныйпроектор",
      "category": "Доп. снаряжение",
      "defname": "Apparel_PackBroadshield",
      "price": 717
    },
    {
      "abr": "плазменныймеч",
      "category": "Оружие ближнего боя",
      "defname": "MeleeWeapon_PlasmaSword",
      "price": 3333
    },
    {
      "abr": "плазменныйсинхромеч",
      "category": "Оружие с личностью",
      "defname": "MeleeWeapon_PlasmaSwordBladelink",
      "price": 5000
    },
    {
      "abr": "посадочныймаяк",
      "category": "Разное",
      "defname": "ShipLandingBeacon",
      "price": 185
    },
    {
      "abr": "пси-гармонайзер",
      "category": "Архотехнологии",
      "defname": "PsychicHarmonizer",
      "price": 1333
    },
    {
      "abr": "пси-посох",
      "category": "Оружие ближнего боя",
      "defname": "MeleeWeapon_PsyfocusStaff",
      "price": 3333
    },
    {
      "abr": "пси-сенсибилизатор",
      "category": "Архотехнологии",
      "defname": "PsychicSensitizer",
      "price": 1667
    },
    {
      "abr": "пси-считыватель",
      "category": "Архотехнологии",
      "defname": "PsychicReader",
      "price": 1667
    },
    {
      "abr": "пси-тренер(блокадаболи)",
      "category": "Пси-тренеры",
      "defname": "Psytrainer_Painblock",
      "price": 417
    },
    {
      "abr": "пси-тренер(бремя)",
      "category": "Пси-тренеры",
      "defname": "Psytrainer_Burden",
      "price": 417
    },
    {
      "abr": "пси-тренер(волнаагрессии)",
      "category": "Пси-тренеры",
      "defname": "Psytrainer_ManhunterPulse",
      "price": 1667
    },
    {
      "abr": "пси-тренер(волнаголовокружения)",
      "category": "Пси-тренеры",
      "defname": "Psytrainer_VertigoPulse",
      "price": 917
    },
    {
      "abr": "пси-тренер(волнаярости)",
      "category": "Пси-тренеры",
      "defname": "Psytrainer_BerserkPulse",
      "price": 1667
    },
    {
      "abr": "пси-тренер(вызовволны)",
      "category": "Пси-тренеры",
      "defname": "Psytrainer_Waterskip",
      "price": 667
    },
    {
      "abr": "пси-тренер(вызовгрозовогошторма)",
      "category": "Пси-тренеры",
      "defname": "Psytrainer_Flashstorm",
      "price": 1417
    },
    {
      "abr": "пси-тренер(длинныйпрыжок)",
      "category": "Пси-тренеры",
      "defname": "Psytrainer_Farskip",
      "price": 1417
    },
    {
      "abr": "пси-тренер(зов)",
      "category": "Пси-тренеры",
      "defname": "Psytrainer_Beckon",
      "price": 917
    },
    {
      "abr": "пси-тренер(массовыйхаотическийпрыжок)",
      "category": "Пси-тренеры",
      "defname": "Psytrainer_MassChaosSkip",
      "price": 1667
    },
    {
      "abr": "пси-тренер(невидимость)",
      "category": "Пси-тренеры",
      "defname": "Psytrainer_Invisibility",
      "price": 1417
    },
    {
      "abr": "пси-тренер(нейрошторм)",
      "category": "Пси-тренеры",
      "defname": "Psytrainer_Neuroquake",
      "price": 1667
    },
    {
      "abr": "пси-тренер(оглушение)",
      "category": "Пси-тренеры",
      "defname": "Psytrainer_Stun",
      "price": 417
    },
    {
      "abr": "пси-тренер(ослепляющаяволна)",
      "category": "Пси-тренеры",
      "defname": "Psytrainer_BlindingPulse",
      "price": 667
    },
    {
      "abr": "пси-тренер(прыжковыйщит)",
      "category": "Пси-тренеры",
      "defname": "Psytrainer_BulletShield",
      "price": 1667
    },
    {
      "abr": "пси-тренер(прыжок)",
      "category": "Пси-тренеры",
      "defname": "Psytrainer_Skip",
      "price": 1167
    },
    {
      "abr": "пси-тренер(пылеваязавеса)",
      "category": "Пси-тренеры",
      "defname": "Psytrainer_Smokepop",
      "price": 1167
    },
    {
      "abr": "пси-тренер(сброснейроперегрева)",
      "category": "Пси-тренеры",
      "defname": "Psytrainer_EntropyDump",
      "price": 667
    },
    {
      "abr": "пси-тренер(словобезмятежности)",
      "category": "Пси-тренеры",
      "defname": "Psytrainer_WordOfSerenity",
      "price": 1167
    },
    {
      "abr": "пси-тренер(слововоодушевления)",
      "category": "Пси-тренеры",
      "defname": "Psytrainer_WordOfInspiration",
      "price": 1417
    },
    {
      "abr": "пси-тренер(словодоверия)",
      "category": "Пси-тренеры",
      "defname": "Psytrainer_WordOfTrust",
      "price": 417
    },
    {
      "abr": "пси-тренер(словолюбви)",
      "category": "Пси-тренеры",
      "defname": "Psytrainer_WordOfLove",
      "price": 917
    },
    {
      "abr": "пси-тренер(словорадости)",
      "category": "Пси-тренеры",
      "defname": "Psytrainer_WordOfJoy",
      "price": 667
    },
    {
      "abr": "пси-тренер(солнечнаябрешь)",
      "category": "Пси-тренеры",
      "defname": "Psytrainer_SolarPinhole",
      "price": 417
    },
    {
      "abr": "пси-тренер(стенаизнедр)",
      "category": "Пси-тренеры",
      "defname": "Psytrainer_Wallraise",
      "price": 1167
    },
    {
      "abr": "пси-тренер(телепортацияобломков)",
      "category": "Пси-тренеры",
      "defname": "Psytrainer_Chunkskip",
      "price": 417
    },
    {
      "abr": "пси-тренер(фокусировка)",
      "category": "Пси-тренеры",
      "defname": "Psytrainer_Focus",
      "price": 1167
    },
    {
      "abr": "пси-тренер(хаотическийпрыжок)",
      "category": "Пси-тренеры",
      "defname": "Psytrainer_ChaosSkip",
      "price": 917
    },
    {
      "abr": "пси-тренер(ярость)",
      "category": "Пси-тренеры",
      "defname": "Psytrainer_Berserk",
      "price": 1417
    },
    {
      "abr": "реактивныйранец",
      "category": "Доп. снаряжение",
      "defname": "Apparel_PackJump",
      "price": 1075
    },
    {
      "abr": "роскошнаякатафрактарскаяброня",
      "category": "Броня",
      "defname": "Apparel_ArmorCataphractPrestige",
      "price": 6550
    },
    {
      "abr": "роскошнаямантия",
      "category": "Одежда знати",
      "defname": "Apparel_RobeRoyal",
      "price": 450
    },
    {
      "abr": "роскошнаяпехотнаяброня",
      "category": "Броня",
      "defname": "Apparel_ArmorMarinePrestige",
      "price": 4217
    },
    {
      "abr": "роскошнаяразведброня",
      "category": "Броня",
      "defname": "Apparel_ArmorReconPrestige",
      "price": 3292
    },
    {
      "abr": "роскошныйкатафрактарскийшлем",
      "category": "Головные уборы",
      "defname": "Apparel_ArmorHelmetCataphractPrestige",
      "price": 1925
    },
    {
      "abr": "роскошныйпехотныйшлем",
      "category": "Головные уборы",
      "defname": "Apparel_ArmorMarineHelmetPrestige",
      "price": 1417
    },
    {
      "abr": "роскошныйразведшлем",
      "category": "Головные уборы",
      "defname": "Apparel_ArmorHelmetReconPrestige",
      "price": 1192
    },
    {
      "abr": "рубашкаизэльтекса",
      "category": "Разное",
      "defname": "Apparel_PsyfocusShirt",
      "price": 667
    },
    {
      "abr": "рука-бур",
      "category": "Протезы",
      "defname": "DrillArm",
      "price": 708
    },
    {
      "abr": "синхромономеч",
      "category": "Оружие с личностью",
      "defname": "MeleeWeapon_MonoSwordBladelink",
      "price": 5000
    },
    {
      "abr": "синхроэлектромолот",
      "category": "Оружие с личностью",
      "defname": "MeleeWeapon_ZeusHammerBladelink",
      "price": 5000
    },
    {
      "abr": "стерилизующийжелудок",
      "category": "Бионические",
      "defname": "DetoxifierStomach",
      "price": 1717
    },
    {
      "abr": "стрелковыйвизор",
      "category": "Головные уборы",
      "defname": "Apparel_Gunlink",
      "price": 575
    },
    {
      "abr": "тафьяизэльтекса",
      "category": "Головные уборы",
      "defname": "Apparel_EltexSkullcap",
      "price": 833
    },
    {
      "abr": "топор",
      "category": "Оружие ближнего боя",
      "defname": "MeleeWeapon_Axe",
      "price": 209
    },
    {
      "abr": "трон",
      "category": "Мебель",
      "defname": "Throne",
      "price": 475
    },
    {
      "abr": "узелмеханоидов",
      "category": "Особое",
      "defname": "Gloomlight",
      "price": 333
    },
    {
      "abr": "усилительлюбви",
      "category": "Бионические",
      "defname": "LoveEnhancer",
      "price": 1717
    },
    {
      "abr": "фортепиано",
      "category": "Развлечения",
      "defname": "Piano",
      "price": 1117
    },
    {
      "abr": "целеуказательдлявысадкимеханоидов",
      "category": "Доп. снаряжение",
      "defname": "OrbitalTargeterMechCluster",
      "price": 2000
    },
    {
      "abr": "циркадныйразделитель",
      "category": "Бионические",
      "defname": "CircadianHalfCycler",
      "price": 1717
    },
    {
      "abr": "циркадныйстимулятор",
      "category": "Бионические",
      "defname": "CircadianAssistant",
      "price": 1717
    },
    {
      "abr": "чертёж(искусственныйобменвеществ)",
      "category": "Чертежи",
      "defname": "Techprint_ArtificialMetabolism",
      "price": 3333
    },
    {
      "abr": "чертёж(катафрактарскаяброня)",
      "category": "Чертежи",
      "defname": "Techprint_CataphractArmor",
      "price": 5000
    },
    {
      "abr": "чертёж(лечебныепроцессы)",
      "category": "Чертежи",
      "defname": "Techprint_HealingFactors",
      "price": 3333
    },
    {
      "abr": "чертёж(мозговаяпроводка)",
      "category": "Чертежи",
      "defname": "Techprint_BrainWiring",
      "price": 1667
    },
    {
      "abr": "чертёж(молекулярныйанализ)",
      "category": "Чертежи",
      "defname": "Techprint_MolecularAnalysis",
      "price": 3333
    },
    {
      "abr": "чертёж(нейронныевычисления)",
      "category": "Чертежи",
      "defname": "Techprint_NeuralComputation",
      "price": 3333
    },
    {
      "abr": "чертёж(прыжковыеранцы)",
      "category": "Чертежи",
      "defname": "Techprint_JumpPack",
      "price": 3333
    },
    {
      "abr": "чертёж(синтезяда)",
      "category": "Чертежи",
      "defname": "Techprint_VenomSynthesis",
      "price": 1667
    },
    {
      "abr": "чертёж(скрытоевооружение)",
      "category": "Чертежи",
      "defname": "Techprint_CompactWeaponry",
      "price": 1667
    },
    {
      "abr": "чертёж(специализированныеконечности)",
      "category": "Чертежи",
      "defname": "Techprint_SpecializedLimbs",
      "price": 1667
    },
    {
      "abr": "чертёж(укреплениекожи)",
      "category": "Чертежи",
      "defname": "Techprint_SkinHardening",
      "price": 3333
    },
    {
      "abr": "чертёж(циркадноевоздействие)",
      "category": "Чертежи",
      "defname": "Techprint_CircadianInfluence",
      "price": 3333
    },
    {
      "abr": "чертёж(эстетикатела)",
      "category": "Чертежи",
      "defname": "Techprint_FleshShaping",
      "price": 3333
    },
    {
      "abr": "ширма",
      "category": "Мебель",
      "defname": "Drape",
      "price": 608
    },
    {
      "abr": "шлемизэльтекса",
      "category": "Головные уборы",
      "defname": "Apparel_PsyfocusHelmet",
      "price": 833
    },
    {
      "abr": "шляпа-цилиндр",
      "category": "Головные уборы",
      "defname": "Apparel_HatTop",
      "price": 203
    },
    {
      "abr": "электромолот",
      "category": "Оружие ближнего боя",
      "defname": "MeleeWeapon_Zeushammer",
      "price": 3333
    },
    {
      "abr": "эстетичныйнос",
      "category": "Бионические",
      "defname": "AestheticNose",
      "price": 975
    },
    {
      "abr": "ядерныйжелудок",
      "category": "Бионические",
      "defname": "NuclearStomach",
      "price": 1717
    },
    {
      "abr": "ядовитыеклыки",
      "category": "Протезы",
      "defname": "VenomFangs",
      "price": 592
    },
    {
      "abr": "ядовитыйкоготь",
      "category": "Протезы",
      "defname": "VenomTalon",
      "price": 592
    },
    {
      "abr": "ядрощита",
      "category": "Разное",
      "defname": "BroadshieldCore",
      "price": 583
    }
  ],
  "total": 595
}
